"De","Para","NomeAtual","NomeNovo"
"C:\Users\mauri\OneDrive\Documentos\02 - Saúde\CIRURGIA\Foto.jpg","C:\Users\mauri\OneDrive\Documentos\02 - Saúde\CIRURGIA\CIRURGIA - 2023-07-24.jpg","Foto.jpg","CIRURGIA - 2023-07-24.jpg"
"C:\Users\mauri\OneDrive\Documentos\03 - Financeiro\BRB\img20250217_07514318.jpg","C:\Users\mauri\OneDrive\Documentos\03 - Financeiro\BRB\BRB - 2025-02-17.jpg","img20250217_07514318.jpg","BRB - 2025-02-17.jpg"
"C:\Users\mauri\OneDrive\Documentos\04 - Imóveis\APTO 409 SUL\20230613_090715.jpg","C:\Users\mauri\OneDrive\Documentos\04 - Imóveis\APTO 409 SUL\APTO 409 SUL - 2023-06-13 (1).jpg","20230613_090715.jpg","APTO 409 SUL - 2023-06-13 (1).jpg"
"C:\Users\mauri\OneDrive\Documentos\04 - Imóveis\APTO 409 SUL\20230613_090724.jpg","C:\Users\mauri\OneDrive\Documentos\04 - Imóveis\APTO 409 SUL\APTO 409 SUL - 2023-06-13 (2).jpg","20230613_090724.jpg","APTO 409 SUL - 2023-06-13 (2).jpg"
"C:\Users\mauri\OneDrive\Documentos\04 - Imóveis\APTO 409 SUL\20230729_101559.jpg","C:\Users\mauri\OneDrive\Documentos\04 - Imóveis\APTO 409 SUL\APTO 409 SUL - 2023-07-29.jpg","20230729_101559.jpg","APTO 409 SUL - 2023-07-29.jpg"
"C:\Users\mauri\OneDrive\Documentos\04 - Imóveis\APTO 409 SUL\20230803_101458.jpg","C:\Users\mauri\OneDrive\Documentos\04 - Imóveis\APTO 409 SUL\APTO 409 SUL - 2023-08-03 (1).jpg","20230803_101458.jpg","APTO 409 SUL - 2023-08-03 (1).jpg"
"C:\Users\mauri\OneDrive\Documentos\04 - Imóveis\APTO 409 SUL\20230803_101509.jpg","C:\Users\mauri\OneDrive\Documentos\04 - Imóveis\APTO 409 SUL\APTO 409 SUL - 2023-08-03 (2).jpg","20230803_101509.jpg","APTO 409 SUL - 2023-08-03 (2).jpg"
"C:\Users\mauri\OneDrive\Documentos\04 - Imóveis\APTO 409 SUL\20230803_101517.jpg","C:\Users\mauri\OneDrive\Documentos\04 - Imóveis\APTO 409 SUL\APTO 409 SUL - 2023-08-03 (3).jpg","20230803_101517.jpg","APTO 409 SUL - 2023-08-03 (3).jpg"
"C:\Users\mauri\OneDrive\Documentos\04 - Imóveis\APTO 409 SUL\20230807_083026.jpg","C:\Users\mauri\OneDrive\Documentos\04 - Imóveis\APTO 409 SUL\APTO 409 SUL - 2023-08-07 (1).jpg","20230807_083026.jpg","APTO 409 SUL - 2023-08-07 (1).jpg"
"C:\Users\mauri\OneDrive\Documentos\04 - Imóveis\APTO 409 SUL\20230807_083215.jpg","C:\Users\mauri\OneDrive\Documentos\04 - Imóveis\APTO 409 SUL\APTO 409 SUL - 2023-08-07 (2).jpg","20230807_083215.jpg","APTO 409 SUL - 2023-08-07 (2).jpg"
"C:\Users\mauri\OneDrive\Documentos\04 - Imóveis\APTO 409 SUL\20230819_155759.jpg","C:\Users\mauri\OneDrive\Documentos\04 - Imóveis\APTO 409 SUL\APTO 409 SUL - 2023-08-19 (1).jpg","20230819_155759.jpg","APTO 409 SUL - 2023-08-19 (1).jpg"
"C:\Users\mauri\OneDrive\Documentos\04 - Imóveis\APTO 409 SUL\20230819_155842.jpg","C:\Users\mauri\OneDrive\Documentos\04 - Imóveis\APTO 409 SUL\APTO 409 SUL - 2023-08-19 (2).jpg","20230819_155842.jpg","APTO 409 SUL - 2023-08-19 (2).jpg"
"C:\Users\mauri\OneDrive\Documentos\04 - Imóveis\APTO 409 SUL\20230906_120614.jpg","C:\Users\mauri\OneDrive\Documentos\04 - Imóveis\APTO 409 SUL\APTO 409 SUL - 2023-09-06.jpg","20230906_120614.jpg","APTO 409 SUL - 2023-09-06.jpg"
"C:\Users\mauri\OneDrive\Documentos\04 - Imóveis\APTO 409 SUL\20230909_105507.jpg","C:\Users\mauri\OneDrive\Documentos\04 - Imóveis\APTO 409 SUL\APTO 409 SUL - 2023-09-09.jpg","20230909_105507.jpg","APTO 409 SUL - 2023-09-09.jpg"
"C:\Users\mauri\OneDrive\Documentos\04 - Imóveis\APTO 409 SUL\20230911_133556.jpg","C:\Users\mauri\OneDrive\Documentos\04 - Imóveis\APTO 409 SUL\APTO 409 SUL - 2023-09-11 (1).jpg","20230911_133556.jpg","APTO 409 SUL - 2023-09-11 (1).jpg"
"C:\Users\mauri\OneDrive\Documentos\04 - Imóveis\APTO 409 SUL\20230911_133558.jpg","C:\Users\mauri\OneDrive\Documentos\04 - Imóveis\APTO 409 SUL\APTO 409 SUL - 2023-09-11 (2).jpg","20230911_133558.jpg","APTO 409 SUL - 2023-09-11 (2).jpg"
"C:\Users\mauri\OneDrive\Documentos\04 - Imóveis\APTO 409 SUL\20230911_133601.jpg","C:\Users\mauri\OneDrive\Documentos\04 - Imóveis\APTO 409 SUL\APTO 409 SUL - 2023-09-11 (3).jpg","20230911_133601.jpg","APTO 409 SUL - 2023-09-11 (3).jpg"
"C:\Users\mauri\OneDrive\Documentos\04 - Imóveis\APTO 409 SUL\20230911_133606.jpg","C:\Users\mauri\OneDrive\Documentos\04 - Imóveis\APTO 409 SUL\APTO 409 SUL - 2023-09-11 (4).jpg","20230911_133606.jpg","APTO 409 SUL - 2023-09-11 (4).jpg"
"C:\Users\mauri\OneDrive\Documentos\04 - Imóveis\APTO 409 SUL\20230911_133611.jpg","C:\Users\mauri\OneDrive\Documentos\04 - Imóveis\APTO 409 SUL\APTO 409 SUL - 2023-09-11 (5).jpg","20230911_133611.jpg","APTO 409 SUL - 2023-09-11 (5).jpg"
"C:\Users\mauri\OneDrive\Documentos\04 - Imóveis\APTO 409 SUL\20230911_133612.jpg","C:\Users\mauri\OneDrive\Documentos\04 - Imóveis\APTO 409 SUL\APTO 409 SUL - 2023-09-11 (6).jpg","20230911_133612.jpg","APTO 409 SUL - 2023-09-11 (6).jpg"
"C:\Users\mauri\OneDrive\Documentos\04 - Imóveis\APTO 409 SUL\20230911_133619.jpg","C:\Users\mauri\OneDrive\Documentos\04 - Imóveis\APTO 409 SUL\APTO 409 SUL - 2023-09-11 (7).jpg","20230911_133619.jpg","APTO 409 SUL - 2023-09-11 (7).jpg"
"C:\Users\mauri\OneDrive\Documentos\04 - Imóveis\APTO 409 SUL\20230911_133629.jpg","C:\Users\mauri\OneDrive\Documentos\04 - Imóveis\APTO 409 SUL\APTO 409 SUL - 2023-09-11 (8).jpg","20230911_133629.jpg","APTO 409 SUL - 2023-09-11 (8).jpg"
"C:\Users\mauri\OneDrive\Documentos\04 - Imóveis\APTO 409 SUL\20230911_133630.jpg","C:\Users\mauri\OneDrive\Documentos\04 - Imóveis\APTO 409 SUL\APTO 409 SUL - 2023-09-11 (9).jpg","20230911_133630.jpg","APTO 409 SUL - 2023-09-11 (9).jpg"
"C:\Users\mauri\OneDrive\Documentos\04 - Imóveis\APTO 409 SUL\20230911_133635.jpg","C:\Users\mauri\OneDrive\Documentos\04 - Imóveis\APTO 409 SUL\APTO 409 SUL - 2023-09-11 (10).jpg","20230911_133635.jpg","APTO 409 SUL - 2023-09-11 (10).jpg"
"C:\Users\mauri\OneDrive\Documentos\04 - Imóveis\APTO 409 SUL\20230911_134458.jpg","C:\Users\mauri\OneDrive\Documentos\04 - Imóveis\APTO 409 SUL\APTO 409 SUL - 2023-09-11 (11).jpg","20230911_134458.jpg","APTO 409 SUL - 2023-09-11 (11).jpg"
"C:\Users\mauri\OneDrive\Documentos\04 - Imóveis\APTO 409 SUL\20230911_134514.jpg","C:\Users\mauri\OneDrive\Documentos\04 - Imóveis\APTO 409 SUL\APTO 409 SUL - 2023-09-11 (12).jpg","20230911_134514.jpg","APTO 409 SUL - 2023-09-11 (12).jpg"
"C:\Users\mauri\OneDrive\Documentos\04 - Imóveis\APTO 409 SUL\20230911_134517.jpg","C:\Users\mauri\OneDrive\Documentos\04 - Imóveis\APTO 409 SUL\APTO 409 SUL - 2023-09-11 (13).jpg","20230911_134517.jpg","APTO 409 SUL - 2023-09-11 (13).jpg"
"C:\Users\mauri\OneDrive\Documentos\04 - Imóveis\APTO 409 SUL\20230911_134544.jpg","C:\Users\mauri\OneDrive\Documentos\04 - Imóveis\APTO 409 SUL\APTO 409 SUL - 2023-09-11 (14).jpg","20230911_134544.jpg","APTO 409 SUL - 2023-09-11 (14).jpg"
"C:\Users\mauri\OneDrive\Documentos\04 - Imóveis\APTO 409 SUL\20230911_134549.jpg","C:\Users\mauri\OneDrive\Documentos\04 - Imóveis\APTO 409 SUL\APTO 409 SUL - 2023-09-11 (15).jpg","20230911_134549.jpg","APTO 409 SUL - 2023-09-11 (15).jpg"
"C:\Users\mauri\OneDrive\Documentos\04 - Imóveis\APTO 409 SUL\20230911_134558.jpg","C:\Users\mauri\OneDrive\Documentos\04 - Imóveis\APTO 409 SUL\APTO 409 SUL - 2023-09-11 (16).jpg","20230911_134558.jpg","APTO 409 SUL - 2023-09-11 (16).jpg"
"C:\Users\mauri\OneDrive\Documentos\04 - Imóveis\APTO 409 SUL\20230911_134708.jpg","C:\Users\mauri\OneDrive\Documentos\04 - Imóveis\APTO 409 SUL\APTO 409 SUL - 2023-09-11 (17).jpg","20230911_134708.jpg","APTO 409 SUL - 2023-09-11 (17).jpg"
"C:\Users\mauri\OneDrive\Documentos\04 - Imóveis\APTO 409 SUL\20230911_134711.jpg","C:\Users\mauri\OneDrive\Documentos\04 - Imóveis\APTO 409 SUL\APTO 409 SUL - 2023-09-11 (18).jpg","20230911_134711.jpg","APTO 409 SUL - 2023-09-11 (18).jpg"
"C:\Users\mauri\OneDrive\Documentos\04 - Imóveis\APTO 409 SUL\20230911_134732.jpg","C:\Users\mauri\OneDrive\Documentos\04 - Imóveis\APTO 409 SUL\APTO 409 SUL - 2023-09-11 (19).jpg","20230911_134732.jpg","APTO 409 SUL - 2023-09-11 (19).jpg"
"C:\Users\mauri\OneDrive\Documentos\04 - Imóveis\APTO 409 SUL\20230911_134738.jpg","C:\Users\mauri\OneDrive\Documentos\04 - Imóveis\APTO 409 SUL\APTO 409 SUL - 2023-09-11 (20).jpg","20230911_134738.jpg","APTO 409 SUL - 2023-09-11 (20).jpg"
"C:\Users\mauri\OneDrive\Documentos\04 - Imóveis\APTO 409 SUL\20230911_140844.jpg","C:\Users\mauri\OneDrive\Documentos\04 - Imóveis\APTO 409 SUL\APTO 409 SUL - 2023-09-11 (21).jpg","20230911_140844.jpg","APTO 409 SUL - 2023-09-11 (21).jpg"
"C:\Users\mauri\OneDrive\Documentos\04 - Imóveis\APTO 409 SUL\20230911_140848.jpg","C:\Users\mauri\OneDrive\Documentos\04 - Imóveis\APTO 409 SUL\APTO 409 SUL - 2023-09-11 (22).jpg","20230911_140848.jpg","APTO 409 SUL - 2023-09-11 (22).jpg"
"C:\Users\mauri\OneDrive\Documentos\04 - Imóveis\APTO 409 SUL\20230911_140914.jpg","C:\Users\mauri\OneDrive\Documentos\04 - Imóveis\APTO 409 SUL\APTO 409 SUL - 2023-09-11 (23).jpg","20230911_140914.jpg","APTO 409 SUL - 2023-09-11 (23).jpg"
"C:\Users\mauri\OneDrive\Documentos\04 - Imóveis\APTO 409 SUL\20230911_141054.jpg","C:\Users\mauri\OneDrive\Documentos\04 - Imóveis\APTO 409 SUL\APTO 409 SUL - 2023-09-11 (24).jpg","20230911_141054.jpg","APTO 409 SUL - 2023-09-11 (24).jpg"
"C:\Users\mauri\OneDrive\Documentos\04 - Imóveis\APTO 409 SUL\20230911_141059.jpg","C:\Users\mauri\OneDrive\Documentos\04 - Imóveis\APTO 409 SUL\APTO 409 SUL - 2023-09-11 (25).jpg","20230911_141059.jpg","APTO 409 SUL - 2023-09-11 (25).jpg"
"C:\Users\mauri\OneDrive\Documentos\04 - Imóveis\APTO 409 SUL\20230911_141104.jpg","C:\Users\mauri\OneDrive\Documentos\04 - Imóveis\APTO 409 SUL\APTO 409 SUL - 2023-09-11 (26).jpg","20230911_141104.jpg","APTO 409 SUL - 2023-09-11 (26).jpg"
"C:\Users\mauri\OneDrive\Documentos\04 - Imóveis\APTO 409 SUL\20230911_141540.jpg","C:\Users\mauri\OneDrive\Documentos\04 - Imóveis\APTO 409 SUL\APTO 409 SUL - 2023-09-11 (27).jpg","20230911_141540.jpg","APTO 409 SUL - 2023-09-11 (27).jpg"
"C:\Users\mauri\OneDrive\Documentos\04 - Imóveis\APTO 409 SUL\20230911_141639.jpg","C:\Users\mauri\OneDrive\Documentos\04 - Imóveis\APTO 409 SUL\APTO 409 SUL - 2023-09-11 (28).jpg","20230911_141639.jpg","APTO 409 SUL - 2023-09-11 (28).jpg"
"C:\Users\mauri\OneDrive\Documentos\04 - Imóveis\APTO 409 SUL\20230911_141734.jpg","C:\Users\mauri\OneDrive\Documentos\04 - Imóveis\APTO 409 SUL\APTO 409 SUL - 2023-09-11 (29).jpg","20230911_141734.jpg","APTO 409 SUL - 2023-09-11 (29).jpg"
"C:\Users\mauri\OneDrive\Documentos\04 - Imóveis\APTO 409 SUL\20230911_142024.jpg","C:\Users\mauri\OneDrive\Documentos\04 - Imóveis\APTO 409 SUL\APTO 409 SUL - 2023-09-11 (30).jpg","20230911_142024.jpg","APTO 409 SUL - 2023-09-11 (30).jpg"
"C:\Users\mauri\OneDrive\Documentos\04 - Imóveis\APTO 409 SUL\20230911_142252.jpg","C:\Users\mauri\OneDrive\Documentos\04 - Imóveis\APTO 409 SUL\APTO 409 SUL - 2023-09-11 (31).jpg","20230911_142252.jpg","APTO 409 SUL - 2023-09-11 (31).jpg"
"C:\Users\mauri\OneDrive\Documentos\04 - Imóveis\APTO 409 SUL\20230911_142257.jpg","C:\Users\mauri\OneDrive\Documentos\04 - Imóveis\APTO 409 SUL\APTO 409 SUL - 2023-09-11 (32).jpg","20230911_142257.jpg","APTO 409 SUL - 2023-09-11 (32).jpg"
"C:\Users\mauri\OneDrive\Documentos\04 - Imóveis\APTO 409 SUL\20230911_142511.jpg","C:\Users\mauri\OneDrive\Documentos\04 - Imóveis\APTO 409 SUL\APTO 409 SUL - 2023-09-11 (33).jpg","20230911_142511.jpg","APTO 409 SUL - 2023-09-11 (33).jpg"
"C:\Users\mauri\OneDrive\Documentos\04 - Imóveis\APTO 409 SUL\20230911_142516.jpg","C:\Users\mauri\OneDrive\Documentos\04 - Imóveis\APTO 409 SUL\APTO 409 SUL - 2023-09-11 (34).jpg","20230911_142516.jpg","APTO 409 SUL - 2023-09-11 (34).jpg"
"C:\Users\mauri\OneDrive\Documentos\04 - Imóveis\APTO 409 SUL\20230911_142534.jpg","C:\Users\mauri\OneDrive\Documentos\04 - Imóveis\APTO 409 SUL\APTO 409 SUL - 2023-09-11 (35).jpg","20230911_142534.jpg","APTO 409 SUL - 2023-09-11 (35).jpg"
"C:\Users\mauri\OneDrive\Documentos\04 - Imóveis\APTO 409 SUL\20230911_142539.jpg","C:\Users\mauri\OneDrive\Documentos\04 - Imóveis\APTO 409 SUL\APTO 409 SUL - 2023-09-11 (36).jpg","20230911_142539.jpg","APTO 409 SUL - 2023-09-11 (36).jpg"
"C:\Users\mauri\OneDrive\Documentos\04 - Imóveis\APTO 409 SUL\20230911_142552.jpg","C:\Users\mauri\OneDrive\Documentos\04 - Imóveis\APTO 409 SUL\APTO 409 SUL - 2023-09-11 (37).jpg","20230911_142552.jpg","APTO 409 SUL - 2023-09-11 (37).jpg"
"C:\Users\mauri\OneDrive\Documentos\04 - Imóveis\APTO 409 SUL\20230911_142556.jpg","C:\Users\mauri\OneDrive\Documentos\04 - Imóveis\APTO 409 SUL\APTO 409 SUL - 2023-09-11 (38).jpg","20230911_142556.jpg","APTO 409 SUL - 2023-09-11 (38).jpg"
"C:\Users\mauri\OneDrive\Documentos\04 - Imóveis\APTO 409 SUL\20230911_142840.jpg","C:\Users\mauri\OneDrive\Documentos\04 - Imóveis\APTO 409 SUL\APTO 409 SUL - 2023-09-11 (39).jpg","20230911_142840.jpg","APTO 409 SUL - 2023-09-11 (39).jpg"
"C:\Users\mauri\OneDrive\Documentos\04 - Imóveis\APTO 409 SUL\20230911_142850.jpg","C:\Users\mauri\OneDrive\Documentos\04 - Imóveis\APTO 409 SUL\APTO 409 SUL - 2023-09-11 (40).jpg","20230911_142850.jpg","APTO 409 SUL - 2023-09-11 (40).jpg"
"C:\Users\mauri\OneDrive\Documentos\04 - Imóveis\APTO 409 SUL\20230911_171023.jpg","C:\Users\mauri\OneDrive\Documentos\04 - Imóveis\APTO 409 SUL\APTO 409 SUL - 2023-09-11 (41).jpg","20230911_171023.jpg","APTO 409 SUL - 2023-09-11 (41).jpg"
"C:\Users\mauri\OneDrive\Documentos\04 - Imóveis\APTO 409 SUL\20230911_171039.jpg","C:\Users\mauri\OneDrive\Documentos\04 - Imóveis\APTO 409 SUL\APTO 409 SUL - 2023-09-11 (42).jpg","20230911_171039.jpg","APTO 409 SUL - 2023-09-11 (42).jpg"
"C:\Users\mauri\OneDrive\Documentos\04 - Imóveis\APTO 409 SUL\20230911_183630.jpg","C:\Users\mauri\OneDrive\Documentos\04 - Imóveis\APTO 409 SUL\APTO 409 SUL - 2023-09-11 (43).jpg","20230911_183630.jpg","APTO 409 SUL - 2023-09-11 (43).jpg"
"C:\Users\mauri\OneDrive\Documentos\04 - Imóveis\APTO 409 SUL\20230911_183701.jpg","C:\Users\mauri\OneDrive\Documentos\04 - Imóveis\APTO 409 SUL\APTO 409 SUL - 2023-09-11 (44).jpg","20230911_183701.jpg","APTO 409 SUL - 2023-09-11 (44).jpg"
"C:\Users\mauri\OneDrive\Documentos\04 - Imóveis\APTO 409 SUL\20230912_105106.jpg","C:\Users\mauri\OneDrive\Documentos\04 - Imóveis\APTO 409 SUL\APTO 409 SUL - 2023-09-12 (1).jpg","20230912_105106.jpg","APTO 409 SUL - 2023-09-12 (1).jpg"
"C:\Users\mauri\OneDrive\Documentos\04 - Imóveis\APTO 409 SUL\20230912_105110.jpg","C:\Users\mauri\OneDrive\Documentos\04 - Imóveis\APTO 409 SUL\APTO 409 SUL - 2023-09-12 (2).jpg","20230912_105110.jpg","APTO 409 SUL - 2023-09-12 (2).jpg"
"C:\Users\mauri\OneDrive\Documentos\04 - Imóveis\APTO 409 SUL\20230912_142814.jpg","C:\Users\mauri\OneDrive\Documentos\04 - Imóveis\APTO 409 SUL\APTO 409 SUL - 2023-09-12 (3).jpg","20230912_142814.jpg","APTO 409 SUL - 2023-09-12 (3).jpg"
"C:\Users\mauri\OneDrive\Documentos\04 - Imóveis\APTO 409 SUL\20230913_162128.jpg","C:\Users\mauri\OneDrive\Documentos\04 - Imóveis\APTO 409 SUL\APTO 409 SUL - 2023-09-13 (1).jpg","20230913_162128.jpg","APTO 409 SUL - 2023-09-13 (1).jpg"
"C:\Users\mauri\OneDrive\Documentos\04 - Imóveis\APTO 409 SUL\20230913_173419.jpg","C:\Users\mauri\OneDrive\Documentos\04 - Imóveis\APTO 409 SUL\APTO 409 SUL - 2023-09-13 (2).jpg","20230913_173419.jpg","APTO 409 SUL - 2023-09-13 (2).jpg"
"C:\Users\mauri\OneDrive\Documentos\04 - Imóveis\APTO 409 SUL\20230913_173550.jpg","C:\Users\mauri\OneDrive\Documentos\04 - Imóveis\APTO 409 SUL\APTO 409 SUL - 2023-09-13 (3).jpg","20230913_173550.jpg","APTO 409 SUL - 2023-09-13 (3).jpg"
"C:\Users\mauri\OneDrive\Documentos\04 - Imóveis\APTO 409 SUL\20230913_174836.jpg","C:\Users\mauri\OneDrive\Documentos\04 - Imóveis\APTO 409 SUL\APTO 409 SUL - 2023-09-13 (4).jpg","20230913_174836.jpg","APTO 409 SUL - 2023-09-13 (4).jpg"
"C:\Users\mauri\OneDrive\Documentos\04 - Imóveis\APTO 409 SUL\20230913_174839.jpg","C:\Users\mauri\OneDrive\Documentos\04 - Imóveis\APTO 409 SUL\APTO 409 SUL - 2023-09-13 (5).jpg","20230913_174839.jpg","APTO 409 SUL - 2023-09-13 (5).jpg"
"C:\Users\mauri\OneDrive\Documentos\04 - Imóveis\APTO 409 SUL\20230913_174848.jpg","C:\Users\mauri\OneDrive\Documentos\04 - Imóveis\APTO 409 SUL\APTO 409 SUL - 2023-09-13 (6).jpg","20230913_174848.jpg","APTO 409 SUL - 2023-09-13 (6).jpg"
"C:\Users\mauri\OneDrive\Documentos\04 - Imóveis\APTO 409 SUL\20230913_174934.jpg","C:\Users\mauri\OneDrive\Documentos\04 - Imóveis\APTO 409 SUL\APTO 409 SUL - 2023-09-13 (7).jpg","20230913_174934.jpg","APTO 409 SUL - 2023-09-13 (7).jpg"
"C:\Users\mauri\OneDrive\Documentos\04 - Imóveis\APTO 409 SUL\20230913_174943.jpg","C:\Users\mauri\OneDrive\Documentos\04 - Imóveis\APTO 409 SUL\APTO 409 SUL - 2023-09-13 (8).jpg","20230913_174943.jpg","APTO 409 SUL - 2023-09-13 (8).jpg"
"C:\Users\mauri\OneDrive\Documentos\04 - Imóveis\APTO 409 SUL\20230913_175025.jpg","C:\Users\mauri\OneDrive\Documentos\04 - Imóveis\APTO 409 SUL\APTO 409 SUL - 2023-09-13 (9).jpg","20230913_175025.jpg","APTO 409 SUL - 2023-09-13 (9).jpg"
"C:\Users\mauri\OneDrive\Documentos\04 - Imóveis\APTO 409 SUL\20230914_133912.jpg","C:\Users\mauri\OneDrive\Documentos\04 - Imóveis\APTO 409 SUL\APTO 409 SUL - 2023-09-14 (1).jpg","20230914_133912.jpg","APTO 409 SUL - 2023-09-14 (1).jpg"
"C:\Users\mauri\OneDrive\Documentos\04 - Imóveis\APTO 409 SUL\20230914_133927.jpg","C:\Users\mauri\OneDrive\Documentos\04 - Imóveis\APTO 409 SUL\APTO 409 SUL - 2023-09-14 (2).jpg","20230914_133927.jpg","APTO 409 SUL - 2023-09-14 (2).jpg"
"C:\Users\mauri\OneDrive\Documentos\04 - Imóveis\APTO 409 SUL\20230914_133939.jpg","C:\Users\mauri\OneDrive\Documentos\04 - Imóveis\APTO 409 SUL\APTO 409 SUL - 2023-09-14 (3).jpg","20230914_133939.jpg","APTO 409 SUL - 2023-09-14 (3).jpg"
"C:\Users\mauri\OneDrive\Documentos\04 - Imóveis\APTO 409 SUL\20230914_133952.jpg","C:\Users\mauri\OneDrive\Documentos\04 - Imóveis\APTO 409 SUL\APTO 409 SUL - 2023-09-14 (4).jpg","20230914_133952.jpg","APTO 409 SUL - 2023-09-14 (4).jpg"
"C:\Users\mauri\OneDrive\Documentos\04 - Imóveis\APTO 409 SUL\20230914_134004.jpg","C:\Users\mauri\OneDrive\Documentos\04 - Imóveis\APTO 409 SUL\APTO 409 SUL - 2023-09-14 (5).jpg","20230914_134004.jpg","APTO 409 SUL - 2023-09-14 (5).jpg"
"C:\Users\mauri\OneDrive\Documentos\04 - Imóveis\APTO 409 SUL\20230914_134016.jpg","C:\Users\mauri\OneDrive\Documentos\04 - Imóveis\APTO 409 SUL\APTO 409 SUL - 2023-09-14 (6).jpg","20230914_134016.jpg","APTO 409 SUL - 2023-09-14 (6).jpg"
"C:\Users\mauri\OneDrive\Documentos\04 - Imóveis\APTO 409 SUL\20230914_134043.jpg","C:\Users\mauri\OneDrive\Documentos\04 - Imóveis\APTO 409 SUL\APTO 409 SUL - 2023-09-14 (7).jpg","20230914_134043.jpg","APTO 409 SUL - 2023-09-14 (7).jpg"
"C:\Users\mauri\OneDrive\Documentos\04 - Imóveis\APTO 409 SUL\20230914_134048.jpg","C:\Users\mauri\OneDrive\Documentos\04 - Imóveis\APTO 409 SUL\APTO 409 SUL - 2023-09-14 (8).jpg","20230914_134048.jpg","APTO 409 SUL - 2023-09-14 (8).jpg"
"C:\Users\mauri\OneDrive\Documentos\04 - Imóveis\APTO 409 SUL\20230914_195904.jpg","C:\Users\mauri\OneDrive\Documentos\04 - Imóveis\APTO 409 SUL\APTO 409 SUL - 2023-09-14 (9).jpg","20230914_195904.jpg","APTO 409 SUL - 2023-09-14 (9).jpg"
"C:\Users\mauri\OneDrive\Documentos\04 - Imóveis\APTO 409 SUL\20230914_195934.jpg","C:\Users\mauri\OneDrive\Documentos\04 - Imóveis\APTO 409 SUL\APTO 409 SUL - 2023-09-14 (10).jpg","20230914_195934.jpg","APTO 409 SUL - 2023-09-14 (10).jpg"
"C:\Users\mauri\OneDrive\Documentos\04 - Imóveis\APTO 409 SUL\20230914_200330.jpg","C:\Users\mauri\OneDrive\Documentos\04 - Imóveis\APTO 409 SUL\APTO 409 SUL - 2023-09-14 (11).jpg","20230914_200330.jpg","APTO 409 SUL - 2023-09-14 (11).jpg"
"C:\Users\mauri\OneDrive\Documentos\04 - Imóveis\APTO 409 SUL\20230914_200416.jpg","C:\Users\mauri\OneDrive\Documentos\04 - Imóveis\APTO 409 SUL\APTO 409 SUL - 2023-09-14 (12).jpg","20230914_200416.jpg","APTO 409 SUL - 2023-09-14 (12).jpg"
"C:\Users\mauri\OneDrive\Documentos\04 - Imóveis\APTO 409 SUL\20230914_200540.jpg","C:\Users\mauri\OneDrive\Documentos\04 - Imóveis\APTO 409 SUL\APTO 409 SUL - 2023-09-14 (13).jpg","20230914_200540.jpg","APTO 409 SUL - 2023-09-14 (13).jpg"
"C:\Users\mauri\OneDrive\Documentos\04 - Imóveis\APTO 409 SUL\20230914_200610.jpg","C:\Users\mauri\OneDrive\Documentos\04 - Imóveis\APTO 409 SUL\APTO 409 SUL - 2023-09-14 (14).jpg","20230914_200610.jpg","APTO 409 SUL - 2023-09-14 (14).jpg"
"C:\Users\mauri\OneDrive\Documentos\04 - Imóveis\APTO 409 SUL\20230914_200800.jpg","C:\Users\mauri\OneDrive\Documentos\04 - Imóveis\APTO 409 SUL\APTO 409 SUL - 2023-09-14 (15).jpg","20230914_200800.jpg","APTO 409 SUL - 2023-09-14 (15).jpg"
"C:\Users\mauri\OneDrive\Documentos\04 - Imóveis\APTO 409 SUL\20230914_200812.jpg","C:\Users\mauri\OneDrive\Documentos\04 - Imóveis\APTO 409 SUL\APTO 409 SUL - 2023-09-14 (16).jpg","20230914_200812.jpg","APTO 409 SUL - 2023-09-14 (16).jpg"
"C:\Users\mauri\OneDrive\Documentos\04 - Imóveis\APTO 409 SUL\20230914_200830.jpg","C:\Users\mauri\OneDrive\Documentos\04 - Imóveis\APTO 409 SUL\APTO 409 SUL - 2023-09-14 (17).jpg","20230914_200830.jpg","APTO 409 SUL - 2023-09-14 (17).jpg"
"C:\Users\mauri\OneDrive\Documentos\04 - Imóveis\APTO 409 SUL\20230914_201123.jpg","C:\Users\mauri\OneDrive\Documentos\04 - Imóveis\APTO 409 SUL\APTO 409 SUL - 2023-09-14 (18).jpg","20230914_201123.jpg","APTO 409 SUL - 2023-09-14 (18).jpg"
"C:\Users\mauri\OneDrive\Documentos\04 - Imóveis\APTO 409 SUL\IMG-20230914-WA0049.jpg","C:\Users\mauri\OneDrive\Documentos\04 - Imóveis\APTO 409 SUL\APTO 409 SUL - 2023-09-14 (19).jpg","IMG-20230914-WA0049.jpg","APTO 409 SUL - 2023-09-14 (19).jpg"
"C:\Users\mauri\OneDrive\Documentos\04 - Imóveis\APTO 409 SUL\IMG-20230914-WA0050.jpg","C:\Users\mauri\OneDrive\Documentos\04 - Imóveis\APTO 409 SUL\APTO 409 SUL - 2023-09-14 (20).jpg","IMG-20230914-WA0050.jpg","APTO 409 SUL - 2023-09-14 (20).jpg"
"C:\Users\mauri\OneDrive\Documentos\04 - Imóveis\APTO 409 SUL\IMG-20230914-WA0051.jpg","C:\Users\mauri\OneDrive\Documentos\04 - Imóveis\APTO 409 SUL\APTO 409 SUL - 2023-09-14 (21).jpg","IMG-20230914-WA0051.jpg","APTO 409 SUL - 2023-09-14 (21).jpg"
"C:\Users\mauri\OneDrive\Documentos\04 - Imóveis\APTO 409 SUL\IMG-20230914-WA0052.jpg","C:\Users\mauri\OneDrive\Documentos\04 - Imóveis\APTO 409 SUL\APTO 409 SUL - 2023-09-14 (22).jpg","IMG-20230914-WA0052.jpg","APTO 409 SUL - 2023-09-14 (22).jpg"
"C:\Users\mauri\OneDrive\Documentos\04 - Imóveis\APTO 409 SUL\IMG-20230914-WA0053.jpg","C:\Users\mauri\OneDrive\Documentos\04 - Imóveis\APTO 409 SUL\APTO 409 SUL - 2023-09-14 (23).jpg","IMG-20230914-WA0053.jpg","APTO 409 SUL - 2023-09-14 (23).jpg"
"C:\Users\mauri\OneDrive\Documentos\04 - Imóveis\APTO 409 SUL\IMG-20230914-WA0054.jpg","C:\Users\mauri\OneDrive\Documentos\04 - Imóveis\APTO 409 SUL\APTO 409 SUL - 2023-09-14 (24).jpg","IMG-20230914-WA0054.jpg","APTO 409 SUL - 2023-09-14 (24).jpg"
"C:\Users\mauri\OneDrive\Documentos\04 - Imóveis\APTO 409 SUL\IMG-20230914-WA0056.jpg","C:\Users\mauri\OneDrive\Documentos\04 - Imóveis\APTO 409 SUL\APTO 409 SUL - 2023-09-14 (25).jpg","IMG-20230914-WA0056.jpg","APTO 409 SUL - 2023-09-14 (25).jpg"
"C:\Users\mauri\OneDrive\Documentos\04 - Imóveis\APTO 409 SUL\IMG-20230914-WA0057.jpg","C:\Users\mauri\OneDrive\Documentos\04 - Imóveis\APTO 409 SUL\APTO 409 SUL - 2023-09-14 (26).jpg","IMG-20230914-WA0057.jpg","APTO 409 SUL - 2023-09-14 (26).jpg"
"C:\Users\mauri\OneDrive\Documentos\04 - Imóveis\APTO 409 SUL\IMG-20230914-WA0058.jpg","C:\Users\mauri\OneDrive\Documentos\04 - Imóveis\APTO 409 SUL\APTO 409 SUL - 2023-09-14 (27).jpg","IMG-20230914-WA0058.jpg","APTO 409 SUL - 2023-09-14 (27).jpg"
"C:\Users\mauri\OneDrive\Documentos\04 - Imóveis\APTO 409 SUL\IMG-20230914-WA0059.jpg","C:\Users\mauri\OneDrive\Documentos\04 - Imóveis\APTO 409 SUL\APTO 409 SUL - 2023-09-14 (28).jpg","IMG-20230914-WA0059.jpg","APTO 409 SUL - 2023-09-14 (28).jpg"
"C:\Users\mauri\OneDrive\Documentos\04 - Imóveis\APTO 409 SUL\IMG-20230914-WA0060.jpg","C:\Users\mauri\OneDrive\Documentos\04 - Imóveis\APTO 409 SUL\APTO 409 SUL - 2023-09-14 (29).jpg","IMG-20230914-WA0060.jpg","APTO 409 SUL - 2023-09-14 (29).jpg"
"C:\Users\mauri\OneDrive\Documentos\04 - Imóveis\APTO 409 SUL\20230918_132824.jpg","C:\Users\mauri\OneDrive\Documentos\04 - Imóveis\APTO 409 SUL\APTO 409 SUL - 2023-09-18 (1).jpg","20230918_132824.jpg","APTO 409 SUL - 2023-09-18 (1).jpg"
"C:\Users\mauri\OneDrive\Documentos\04 - Imóveis\APTO 409 SUL\20230918_132831.jpg","C:\Users\mauri\OneDrive\Documentos\04 - Imóveis\APTO 409 SUL\APTO 409 SUL - 2023-09-18 (2).jpg","20230918_132831.jpg","APTO 409 SUL - 2023-09-18 (2).jpg"
"C:\Users\mauri\OneDrive\Documentos\04 - Imóveis\APTO 409 SUL\20230918_132848.jpg","C:\Users\mauri\OneDrive\Documentos\04 - Imóveis\APTO 409 SUL\APTO 409 SUL - 2023-09-18 (3).jpg","20230918_132848.jpg","APTO 409 SUL - 2023-09-18 (3).jpg"
"C:\Users\mauri\OneDrive\Documentos\04 - Imóveis\APTO 409 SUL\20230918_132855.jpg","C:\Users\mauri\OneDrive\Documentos\04 - Imóveis\APTO 409 SUL\APTO 409 SUL - 2023-09-18 (4).jpg","20230918_132855.jpg","APTO 409 SUL - 2023-09-18 (4).jpg"
"C:\Users\mauri\OneDrive\Documentos\04 - Imóveis\APTO 409 SUL\20230918_134210.jpg","C:\Users\mauri\OneDrive\Documentos\04 - Imóveis\APTO 409 SUL\APTO 409 SUL - 2023-09-18 (5).jpg","20230918_134210.jpg","APTO 409 SUL - 2023-09-18 (5).jpg"
"C:\Users\mauri\OneDrive\Documentos\04 - Imóveis\APTO 409 SUL\20230918_134232.jpg","C:\Users\mauri\OneDrive\Documentos\04 - Imóveis\APTO 409 SUL\APTO 409 SUL - 2023-09-18 (6).jpg","20230918_134232.jpg","APTO 409 SUL - 2023-09-18 (6).jpg"
"C:\Users\mauri\OneDrive\Documentos\04 - Imóveis\APTO 409 SUL\20230918_134235.jpg","C:\Users\mauri\OneDrive\Documentos\04 - Imóveis\APTO 409 SUL\APTO 409 SUL - 2023-09-18 (7).jpg","20230918_134235.jpg","APTO 409 SUL - 2023-09-18 (7).jpg"
"C:\Users\mauri\OneDrive\Documentos\04 - Imóveis\APTO 409 SUL\20230918_134243.jpg","C:\Users\mauri\OneDrive\Documentos\04 - Imóveis\APTO 409 SUL\APTO 409 SUL - 2023-09-18 (8).jpg","20230918_134243.jpg","APTO 409 SUL - 2023-09-18 (8).jpg"
"C:\Users\mauri\OneDrive\Documentos\04 - Imóveis\APTO 409 SUL\20230918_134248.jpg","C:\Users\mauri\OneDrive\Documentos\04 - Imóveis\APTO 409 SUL\APTO 409 SUL - 2023-09-18 (9).jpg","20230918_134248.jpg","APTO 409 SUL - 2023-09-18 (9).jpg"
"C:\Users\mauri\OneDrive\Documentos\04 - Imóveis\APTO SQSW 105\20230908_173207.jpg","C:\Users\mauri\OneDrive\Documentos\04 - Imóveis\APTO SQSW 105\APTO SQSW 105 - 2023-09-08 (1).jpg","20230908_173207.jpg","APTO SQSW 105 - 2023-09-08 (1).jpg"
"C:\Users\mauri\OneDrive\Documentos\04 - Imóveis\APTO SQSW 105\20230908_173213.jpg","C:\Users\mauri\OneDrive\Documentos\04 - Imóveis\APTO SQSW 105\APTO SQSW 105 - 2023-09-08 (2).jpg","20230908_173213.jpg","APTO SQSW 105 - 2023-09-08 (2).jpg"
"C:\Users\mauri\OneDrive\Documentos\04 - Imóveis\APTO SQSW 105\20230908_173218.jpg","C:\Users\mauri\OneDrive\Documentos\04 - Imóveis\APTO SQSW 105\APTO SQSW 105 - 2023-09-08 (3).jpg","20230908_173218.jpg","APTO SQSW 105 - 2023-09-08 (3).jpg"
"C:\Users\mauri\OneDrive\Documentos\04 - Imóveis\APTO SQSW 105\20230909_065454.jpg","C:\Users\mauri\OneDrive\Documentos\04 - Imóveis\APTO SQSW 105\APTO SQSW 105 - 2023-09-09 (1).jpg","20230909_065454.jpg","APTO SQSW 105 - 2023-09-09 (1).jpg"
"C:\Users\mauri\OneDrive\Documentos\04 - Imóveis\APTO SQSW 105\20230909_065536.jpg","C:\Users\mauri\OneDrive\Documentos\04 - Imóveis\APTO SQSW 105\APTO SQSW 105 - 2023-09-09 (2).jpg","20230909_065536.jpg","APTO SQSW 105 - 2023-09-09 (2).jpg"
"C:\Users\mauri\OneDrive\Documentos\04 - Imóveis\APTO SQSW 105\20230909_065553.jpg","C:\Users\mauri\OneDrive\Documentos\04 - Imóveis\APTO SQSW 105\APTO SQSW 105 - 2023-09-09 (3).jpg","20230909_065553.jpg","APTO SQSW 105 - 2023-09-09 (3).jpg"
"C:\Users\mauri\OneDrive\Documentos\04 - Imóveis\APTO SQSW 105\20230909_065626.jpg","C:\Users\mauri\OneDrive\Documentos\04 - Imóveis\APTO SQSW 105\APTO SQSW 105 - 2023-09-09 (4).jpg","20230909_065626.jpg","APTO SQSW 105 - 2023-09-09 (4).jpg"
"C:\Users\mauri\OneDrive\Documentos\04 - Imóveis\APTO SQSW 105\20230909_070425.jpg","C:\Users\mauri\OneDrive\Documentos\04 - Imóveis\APTO SQSW 105\APTO SQSW 105 - 2023-09-09 (5).jpg","20230909_070425.jpg","APTO SQSW 105 - 2023-09-09 (5).jpg"
"C:\Users\mauri\OneDrive\Documentos\04 - Imóveis\APTO SQSW 105\20230909_070440.jpg","C:\Users\mauri\OneDrive\Documentos\04 - Imóveis\APTO SQSW 105\APTO SQSW 105 - 2023-09-09 (6).jpg","20230909_070440.jpg","APTO SQSW 105 - 2023-09-09 (6).jpg"
"C:\Users\mauri\OneDrive\Documentos\04 - Imóveis\APTO SQSW 105\20230909_070509.jpg","C:\Users\mauri\OneDrive\Documentos\04 - Imóveis\APTO SQSW 105\APTO SQSW 105 - 2023-09-09 (7).jpg","20230909_070509.jpg","APTO SQSW 105 - 2023-09-09 (7).jpg"
"C:\Users\mauri\OneDrive\Documentos\04 - Imóveis\APTO SQSW 105\NFe's elétrica\20230904_084245.jpg","C:\Users\mauri\OneDrive\Documentos\04 - Imóveis\APTO SQSW 105\NFe's elétrica\NFe's elétrica - 2023-09-04 (1).jpg","20230904_084245.jpg","NFe's elétrica - 2023-09-04 (1).jpg"
"C:\Users\mauri\OneDrive\Documentos\04 - Imóveis\APTO SQSW 105\NFe's elétrica\20230904_104703.jpg","C:\Users\mauri\OneDrive\Documentos\04 - Imóveis\APTO SQSW 105\NFe's elétrica\NFe's elétrica - 2023-09-04 (2).jpg","20230904_104703.jpg","NFe's elétrica - 2023-09-04 (2).jpg"
"C:\Users\mauri\OneDrive\Documentos\04 - Imóveis\APTO SQSW 105\NFe's elétrica\20230904_155409.jpg","C:\Users\mauri\OneDrive\Documentos\04 - Imóveis\APTO SQSW 105\NFe's elétrica\NFe's elétrica - 2023-09-04 (3).jpg","20230904_155409.jpg","NFe's elétrica - 2023-09-04 (3).jpg"
"C:\Users\mauri\OneDrive\Documentos\04 - Imóveis\APTO SQSW 105\NFe's elétrica\IMG-20230904-WA0004.jpg","C:\Users\mauri\OneDrive\Documentos\04 - Imóveis\APTO SQSW 105\NFe's elétrica\NFe's elétrica - 2023-09-04 (4).jpg","IMG-20230904-WA0004.jpg","NFe's elétrica - 2023-09-04 (4).jpg"
"C:\Users\mauri\OneDrive\Documentos\04 - Imóveis\APTO SQSW 105\NFe's elétrica\IMG-20230904-WA0005.jpg","C:\Users\mauri\OneDrive\Documentos\04 - Imóveis\APTO SQSW 105\NFe's elétrica\NFe's elétrica - 2023-09-04 (5).jpg","IMG-20230904-WA0005.jpg","NFe's elétrica - 2023-09-04 (5).jpg"
"C:\Users\mauri\OneDrive\Documentos\04 - Imóveis\APTO SQSW 105\NFe's elétrica\IMG-20230904-WA0006.jpg","C:\Users\mauri\OneDrive\Documentos\04 - Imóveis\APTO SQSW 105\NFe's elétrica\NFe's elétrica - 2023-09-04 (6).jpg","IMG-20230904-WA0006.jpg","NFe's elétrica - 2023-09-04 (6).jpg"
"C:\Users\mauri\OneDrive\Documentos\04 - Imóveis\APTO SQSW 105\NFe's elétrica\IMG-20230904-WA0008.jpg","C:\Users\mauri\OneDrive\Documentos\04 - Imóveis\APTO SQSW 105\NFe's elétrica\NFe's elétrica - 2023-09-04 (7).jpg","IMG-20230904-WA0008.jpg","NFe's elétrica - 2023-09-04 (7).jpg"
"C:\Users\mauri\OneDrive\Documentos\04 - Imóveis\APTO SQSW 105\NFe's elétrica\IMG-20230904-WA0010.jpg","C:\Users\mauri\OneDrive\Documentos\04 - Imóveis\APTO SQSW 105\NFe's elétrica\NFe's elétrica - 2023-09-04 (8).jpg","IMG-20230904-WA0010.jpg","NFe's elétrica - 2023-09-04 (8).jpg"
"C:\Users\mauri\OneDrive\Documentos\04 - Imóveis\APTO SQSW 105\NFe's elétrica\IMG-20230904-WA0011.jpg","C:\Users\mauri\OneDrive\Documentos\04 - Imóveis\APTO SQSW 105\NFe's elétrica\NFe's elétrica - 2023-09-04 (9).jpg","IMG-20230904-WA0011.jpg","NFe's elétrica - 2023-09-04 (9).jpg"
"C:\Users\mauri\OneDrive\Documentos\04 - Imóveis\APTO SQSW 105\NFe's elétrica\IMG-20230904-WA0013.jpg","C:\Users\mauri\OneDrive\Documentos\04 - Imóveis\APTO SQSW 105\NFe's elétrica\NFe's elétrica - 2023-09-04 (10).jpg","IMG-20230904-WA0013.jpg","NFe's elétrica - 2023-09-04 (10).jpg"
"C:\Users\mauri\OneDrive\Documentos\04 - Imóveis\APTO SQSW 105\NFe's elétrica\IMG-20230904-WA0014.jpg","C:\Users\mauri\OneDrive\Documentos\04 - Imóveis\APTO SQSW 105\NFe's elétrica\NFe's elétrica - 2023-09-04 (11).jpg","IMG-20230904-WA0014.jpg","NFe's elétrica - 2023-09-04 (11).jpg"
"C:\Users\mauri\OneDrive\Documentos\04 - Imóveis\APTO SQSW 105\NFe's elétrica\IMG-20230904-WA0025.jpg","C:\Users\mauri\OneDrive\Documentos\04 - Imóveis\APTO SQSW 105\NFe's elétrica\NFe's elétrica - 2023-09-04 (12).jpg","IMG-20230904-WA0025.jpg","NFe's elétrica - 2023-09-04 (12).jpg"
"C:\Users\mauri\OneDrive\Documentos\04 - Imóveis\APTO SQSW 105\NFe's elétrica\20230905_084444.jpg","C:\Users\mauri\OneDrive\Documentos\04 - Imóveis\APTO SQSW 105\NFe's elétrica\NFe's elétrica - 2023-09-05.jpg","20230905_084444.jpg","NFe's elétrica - 2023-09-05.jpg"
"C:\Users\mauri\OneDrive\Documentos\04 - Imóveis\APTO SQSW 105\NFe's elétrica\20230914_075757.jpg","C:\Users\mauri\OneDrive\Documentos\04 - Imóveis\APTO SQSW 105\NFe's elétrica\NFe's elétrica - 2023-09-14 (1).jpg","20230914_075757.jpg","NFe's elétrica - 2023-09-14 (1).jpg"
"C:\Users\mauri\OneDrive\Documentos\04 - Imóveis\APTO SQSW 105\NFe's elétrica\20230914_081927.jpg","C:\Users\mauri\OneDrive\Documentos\04 - Imóveis\APTO SQSW 105\NFe's elétrica\NFe's elétrica - 2023-09-14 (2).jpg","20230914_081927.jpg","NFe's elétrica - 2023-09-14 (2).jpg"
"C:\Users\mauri\OneDrive\Documentos\04 - Imóveis\APTO SQSW 105\NFe's elétrica\20230914_082140.jpg","C:\Users\mauri\OneDrive\Documentos\04 - Imóveis\APTO SQSW 105\NFe's elétrica\NFe's elétrica - 2023-09-14 (3).jpg","20230914_082140.jpg","NFe's elétrica - 2023-09-14 (3).jpg"
"C:\Users\mauri\OneDrive\Documentos\04 - Imóveis\APTO SQSW 105\NFe's elétrica\IMG-20230916-WA0015.jpg","C:\Users\mauri\OneDrive\Documentos\04 - Imóveis\APTO SQSW 105\NFe's elétrica\NFe's elétrica - 2023-09-16 (1).jpg","IMG-20230916-WA0015.jpg","NFe's elétrica - 2023-09-16 (1).jpg"
"C:\Users\mauri\OneDrive\Documentos\04 - Imóveis\APTO SQSW 105\NFe's elétrica\IMG-20230916-WA0016.jpg","C:\Users\mauri\OneDrive\Documentos\04 - Imóveis\APTO SQSW 105\NFe's elétrica\NFe's elétrica - 2023-09-16 (2).jpg","IMG-20230916-WA0016.jpg","NFe's elétrica - 2023-09-16 (2).jpg"
"C:\Users\mauri\OneDrive\Documentos\05 - Jurídico e trabalho\CONLE\Curso de formação\20251209_092510.jpg","C:\Users\mauri\OneDrive\Documentos\05 - Jurídico e trabalho\CONLE\Curso de formação\Curso de formação - 2025-12-09 (1).jpg","20251209_092510.jpg","Curso de formação - 2025-12-09 (1).jpg"
"C:\Users\mauri\OneDrive\Documentos\05 - Jurídico e trabalho\CONLE\Curso de formação\20251209_095856 1.jpg","C:\Users\mauri\OneDrive\Documentos\05 - Jurídico e trabalho\CONLE\Curso de formação\Curso de formação - 2025-12-09 (2).jpg","20251209_095856 1.jpg","Curso de formação - 2025-12-09 (2).jpg"
"C:\Users\mauri\OneDrive\Documentos\05 - Jurídico e trabalho\CONLE\Curso de formação\20251209_101550.jpg","C:\Users\mauri\OneDrive\Documentos\05 - Jurídico e trabalho\CONLE\Curso de formação\Curso de formação - 2025-12-09 (3).jpg","20251209_101550.jpg","Curso de formação - 2025-12-09 (3).jpg"
"C:\Users\mauri\OneDrive\Documentos\05 - Jurídico e trabalho\CONLE\Curso de formação\20251209_105845 3.jpg","C:\Users\mauri\OneDrive\Documentos\05 - Jurídico e trabalho\CONLE\Curso de formação\Curso de formação - 2025-12-09 (4).jpg","20251209_105845 3.jpg","Curso de formação - 2025-12-09 (4).jpg"
"C:\Users\mauri\OneDrive\Documentos\05 - Jurídico e trabalho\CONLE\Curso de formação\20251209_110321.jpg","C:\Users\mauri\OneDrive\Documentos\05 - Jurídico e trabalho\CONLE\Curso de formação\Curso de formação - 2025-12-09 (5).jpg","20251209_110321.jpg","Curso de formação - 2025-12-09 (5).jpg"
"C:\Users\mauri\OneDrive\Documentos\05 - Jurídico e trabalho\CONLE\Curso de formação\20251209_110746.jpg","C:\Users\mauri\OneDrive\Documentos\05 - Jurídico e trabalho\CONLE\Curso de formação\Curso de formação - 2025-12-09 (6).jpg","20251209_110746.jpg","Curso de formação - 2025-12-09 (6).jpg"
"C:\Users\mauri\OneDrive\Documentos\05 - Jurídico e trabalho\CONLE\Curso de formação\20251209_111349.jpg","C:\Users\mauri\OneDrive\Documentos\05 - Jurídico e trabalho\CONLE\Curso de formação\Curso de formação - 2025-12-09 (7).jpg","20251209_111349.jpg","Curso de formação - 2025-12-09 (7).jpg"
"C:\Users\mauri\OneDrive\Documentos\05 - Jurídico e trabalho\CONLE\Curso de formação\20251209_111835.jpg","C:\Users\mauri\OneDrive\Documentos\05 - Jurídico e trabalho\CONLE\Curso de formação\Curso de formação - 2025-12-09 (8).jpg","20251209_111835.jpg","Curso de formação - 2025-12-09 (8).jpg"
"C:\Users\mauri\OneDrive\Documentos\05 - Jurídico e trabalho\CONLE\Curso de formação\20251209_123625.jpg","C:\Users\mauri\OneDrive\Documentos\05 - Jurídico e trabalho\CONLE\Curso de formação\Curso de formação - 2025-12-09 (9).jpg","20251209_123625.jpg","Curso de formação - 2025-12-09 (9).jpg"
"C:\Users\mauri\OneDrive\Documentos\05 - Jurídico e trabalho\CONLE\Curso de formação\20251209_123721.jpg","C:\Users\mauri\OneDrive\Documentos\05 - Jurídico e trabalho\CONLE\Curso de formação\Curso de formação - 2025-12-09 (10).jpg","20251209_123721.jpg","Curso de formação - 2025-12-09 (10).jpg"
"C:\Users\mauri\OneDrive\Documentos\05 - Jurídico e trabalho\CONLE\Curso de formação\20251209_124938.jpg","C:\Users\mauri\OneDrive\Documentos\05 - Jurídico e trabalho\CONLE\Curso de formação\Curso de formação - 2025-12-09 (11).jpg","20251209_124938.jpg","Curso de formação - 2025-12-09 (11).jpg"
"C:\Users\mauri\OneDrive\Documentos\05 - Jurídico e trabalho\CONLE\Curso de formação\20251209_125314.jpg","C:\Users\mauri\OneDrive\Documentos\05 - Jurídico e trabalho\CONLE\Curso de formação\Curso de formação - 2025-12-09 (12).jpg","20251209_125314.jpg","Curso de formação - 2025-12-09 (12).jpg"
"C:\Users\mauri\OneDrive\Documentos\05 - Jurídico e trabalho\CONLE\Curso de formação\20251209_130958.jpg","C:\Users\mauri\OneDrive\Documentos\05 - Jurídico e trabalho\CONLE\Curso de formação\Curso de formação - 2025-12-09 (13).jpg","20251209_130958.jpg","Curso de formação - 2025-12-09 (13).jpg"
"C:\Users\mauri\OneDrive\Documentos\05 - Jurídico e trabalho\CONLE\Curso de formação\20251209_142606.jpg","C:\Users\mauri\OneDrive\Documentos\05 - Jurídico e trabalho\CONLE\Curso de formação\Curso de formação - 2025-12-09 (14).jpg","20251209_142606.jpg","Curso de formação - 2025-12-09 (14).jpg"
"C:\Users\mauri\OneDrive\Documentos\05 - Jurídico e trabalho\CONLE\Curso de formação\20251209_145016.jpg","C:\Users\mauri\OneDrive\Documentos\05 - Jurídico e trabalho\CONLE\Curso de formação\Curso de formação - 2025-12-09 (15).jpg","20251209_145016.jpg","Curso de formação - 2025-12-09 (15).jpg"
"C:\Users\mauri\OneDrive\Documentos\05 - Jurídico e trabalho\CONLE\Curso de formação\20251209_145103.jpg","C:\Users\mauri\OneDrive\Documentos\05 - Jurídico e trabalho\CONLE\Curso de formação\Curso de formação - 2025-12-09 (16).jpg","20251209_145103.jpg","Curso de formação - 2025-12-09 (16).jpg"
"C:\Users\mauri\OneDrive\Documentos\05 - Jurídico e trabalho\CONLE\REDES SOCIAIS\Foto com pai à frente do cartório em MG.jpg","C:\Users\mauri\OneDrive\Documentos\05 - Jurídico e trabalho\CONLE\REDES SOCIAIS\REDES SOCIAIS - 2025-12-21.jpg","Foto com pai à frente do cartório em MG.jpg","REDES SOCIAIS - 2025-12-21.jpg"
"C:\Users\mauri\OneDrive\Documentos\05 - Jurídico e trabalho\PROBLEMA AEED\Cancelar acesso_arquivos\image001.png","C:\Users\mauri\OneDrive\Documentos\05 - Jurídico e trabalho\PROBLEMA AEED\Cancelar acesso_arquivos\Cancelar acesso_arquivos - 2024-09-13 (1).png","image001.png","Cancelar acesso_arquivos - 2024-09-13 (1).png"
"C:\Users\mauri\OneDrive\Documentos\05 - Jurídico e trabalho\PROBLEMA AEED\Cancelar acesso_arquivos\image003.png","C:\Users\mauri\OneDrive\Documentos\05 - Jurídico e trabalho\PROBLEMA AEED\Cancelar acesso_arquivos\Cancelar acesso_arquivos - 2024-09-13 (2).png","image003.png","Cancelar acesso_arquivos - 2024-09-13 (2).png"
"C:\Users\mauri\OneDrive\Documentos\05 - Jurídico e trabalho\PROBLEMA AEED\Cancelar acesso_arquivos\image004.jpg","C:\Users\mauri\OneDrive\Documentos\05 - Jurídico e trabalho\PROBLEMA AEED\Cancelar acesso_arquivos\Cancelar acesso_arquivos - 2024-09-13 (3).jpg","image004.jpg","Cancelar acesso_arquivos - 2024-09-13 (3).jpg"
"C:\Users\mauri\OneDrive\Documentos\05 - Jurídico e trabalho\PROBLEMA AEED\Cancelar acesso_arquivos\image005.png","C:\Users\mauri\OneDrive\Documentos\05 - Jurídico e trabalho\PROBLEMA AEED\Cancelar acesso_arquivos\Cancelar acesso_arquivos - 2024-09-13 (4).png","image005.png","Cancelar acesso_arquivos - 2024-09-13 (4).png"
"C:\Users\mauri\OneDrive\Documentos\05 - Jurídico e trabalho\PROBLEMA AEED\Cancelar acesso_arquivos\image007.png","C:\Users\mauri\OneDrive\Documentos\05 - Jurídico e trabalho\PROBLEMA AEED\Cancelar acesso_arquivos\Cancelar acesso_arquivos - 2024-09-13 (5).png","image007.png","Cancelar acesso_arquivos - 2024-09-13 (5).png"
"C:\Users\mauri\OneDrive\Documentos\05 - Jurídico e trabalho\PROBLEMA AEED\RES TSE  GSTI - chamado 322643 respondido_arquivos\image001.png","C:\Users\mauri\OneDrive\Documentos\05 - Jurídico e trabalho\PROBLEMA AEED\RES TSE  GSTI - chamado 322643 respondido_arquivos\RES TSE GSTI - chamado 322643 respondido_arquivos - 2024-09-13 (1).png","image001.png","RES TSE GSTI - chamado 322643 respondido_arquivos - 2024-09-13 (1).png"
"C:\Users\mauri\OneDrive\Documentos\05 - Jurídico e trabalho\PROBLEMA AEED\RES TSE  GSTI - chamado 322643 respondido_arquivos\image003.png","C:\Users\mauri\OneDrive\Documentos\05 - Jurídico e trabalho\PROBLEMA AEED\RES TSE  GSTI - chamado 322643 respondido_arquivos\RES TSE GSTI - chamado 322643 respondido_arquivos - 2024-09-13 (2).png","image003.png","RES TSE GSTI - chamado 322643 respondido_arquivos - 2024-09-13 (2).png"
"C:\Users\mauri\OneDrive\Documentos\05 - Jurídico e trabalho\PROBLEMA AEED\RES TSE  GSTI - chamado 322643 respondido_arquivos\image005.png","C:\Users\mauri\OneDrive\Documentos\05 - Jurídico e trabalho\PROBLEMA AEED\RES TSE  GSTI - chamado 322643 respondido_arquivos\RES TSE GSTI - chamado 322643 respondido_arquivos - 2024-09-13 (3).png","image005.png","RES TSE GSTI - chamado 322643 respondido_arquivos - 2024-09-13 (3).png"
"C:\Users\mauri\OneDrive\Documentos\05 - Jurídico e trabalho\PROCESSOS\Unidas\Foto 1 - veículo avariado.jpg","C:\Users\mauri\OneDrive\Documentos\05 - Jurídico e trabalho\PROCESSOS\Unidas\Unidas - 2022-05-29 (1).jpg","Foto 1 - veículo avariado.jpg","Unidas - 2022-05-29 (1).jpg"
"C:\Users\mauri\OneDrive\Documentos\05 - Jurídico e trabalho\PROCESSOS\Unidas\Foto 2 -  veículo avariado.jpg","C:\Users\mauri\OneDrive\Documentos\05 - Jurídico e trabalho\PROCESSOS\Unidas\Unidas - 2022-05-29 (2).jpg","Foto 2 -  veículo avariado.jpg","Unidas - 2022-05-29 (2).jpg"
"C:\Users\mauri\OneDrive\Documentos\05 - Jurídico e trabalho\PROCESSOS\Unidas\Foto 3 - Para-brisa avariado.jpg","C:\Users\mauri\OneDrive\Documentos\05 - Jurídico e trabalho\PROCESSOS\Unidas\Unidas - 2023-06-03.jpg","Foto 3 - Para-brisa avariado.jpg","Unidas - 2023-06-03.jpg"
"C:\Users\mauri\OneDrive\Documentos\05 - Jurídico e trabalho\TSE\ONE DRIVE\Imagens\Capturas de tela\Captura de tela 2025-05-08 111326.png","C:\Users\mauri\OneDrive\Documentos\05 - Jurídico e trabalho\TSE\ONE DRIVE\Imagens\Capturas de tela\Capturas de tela - 2025-05-08 (1).png","Captura de tela 2025-05-08 111326.png","Capturas de tela - 2025-05-08 (1).png"
"C:\Users\mauri\OneDrive\Documentos\05 - Jurídico e trabalho\TSE\ONE DRIVE\Imagens\Capturas de tela\Captura de tela 2025-05-08 134331.png","C:\Users\mauri\OneDrive\Documentos\05 - Jurídico e trabalho\TSE\ONE DRIVE\Imagens\Capturas de tela\Capturas de tela - 2025-05-08 (2).png","Captura de tela 2025-05-08 134331.png","Capturas de tela - 2025-05-08 (2).png"
"C:\Users\mauri\OneDrive\Documentos\05 - Jurídico e trabalho\TSE\ONE DRIVE\Imagens\Capturas de tela\Captura de tela 2025-05-08 172258.png","C:\Users\mauri\OneDrive\Documentos\05 - Jurídico e trabalho\TSE\ONE DRIVE\Imagens\Capturas de tela\Capturas de tela - 2025-05-08 (3).png","Captura de tela 2025-05-08 172258.png","Capturas de tela - 2025-05-08 (3).png"
"C:\Users\mauri\OneDrive\Documentos\05 - Jurídico e trabalho\TSE\ONE DRIVE\Imagens\Capturas de tela\Captura de tela 2025-05-27 162846.png","C:\Users\mauri\OneDrive\Documentos\05 - Jurídico e trabalho\TSE\ONE DRIVE\Imagens\Capturas de tela\Capturas de tela - 2025-05-27 (1).png","Captura de tela 2025-05-27 162846.png","Capturas de tela - 2025-05-27 (1).png"
"C:\Users\mauri\OneDrive\Documentos\05 - Jurídico e trabalho\TSE\ONE DRIVE\Imagens\Capturas de tela\Captura de tela 2025-05-27 175842.png","C:\Users\mauri\OneDrive\Documentos\05 - Jurídico e trabalho\TSE\ONE DRIVE\Imagens\Capturas de tela\Capturas de tela - 2025-05-27 (2).png","Captura de tela 2025-05-27 175842.png","Capturas de tela - 2025-05-27 (2).png"
"C:\Users\mauri\OneDrive\Documentos\05 - Jurídico e trabalho\TSE\ONE DRIVE\Imagens\Capturas de tela\Captura de tela 2025-05-27 181048.png","C:\Users\mauri\OneDrive\Documentos\05 - Jurídico e trabalho\TSE\ONE DRIVE\Imagens\Capturas de tela\Capturas de tela - 2025-05-27 (3).png","Captura de tela 2025-05-27 181048.png","Capturas de tela - 2025-05-27 (3).png"
"C:\Users\mauri\OneDrive\Documentos\05 - Jurídico e trabalho\TSE\ONE DRIVE\Imagens\Capturas de tela\Captura de tela 2025-05-29 152915.png","C:\Users\mauri\OneDrive\Documentos\05 - Jurídico e trabalho\TSE\ONE DRIVE\Imagens\Capturas de tela\Capturas de tela - 2025-05-29 (1).png","Captura de tela 2025-05-29 152915.png","Capturas de tela - 2025-05-29 (1).png"
"C:\Users\mauri\OneDrive\Documentos\05 - Jurídico e trabalho\TSE\ONE DRIVE\Imagens\Capturas de tela\Captura de tela 2025-05-29 153457.png","C:\Users\mauri\OneDrive\Documentos\05 - Jurídico e trabalho\TSE\ONE DRIVE\Imagens\Capturas de tela\Capturas de tela - 2025-05-29 (2).png","Captura de tela 2025-05-29 153457.png","Capturas de tela - 2025-05-29 (2).png"
"C:\Users\mauri\OneDrive\Documentos\05 - Jurídico e trabalho\TSE\ONE DRIVE\Imagens\Capturas de tela\Captura de tela 2025-05-29 153510.png","C:\Users\mauri\OneDrive\Documentos\05 - Jurídico e trabalho\TSE\ONE DRIVE\Imagens\Capturas de tela\Capturas de tela - 2025-05-29 (3).png","Captura de tela 2025-05-29 153510.png","Capturas de tela - 2025-05-29 (3).png"
"C:\Users\mauri\OneDrive\Documentos\05 - Jurídico e trabalho\TSE\ONE DRIVE\Imagens\Capturas de tela\Captura de tela 2025-05-29 153526.png","C:\Users\mauri\OneDrive\Documentos\05 - Jurídico e trabalho\TSE\ONE DRIVE\Imagens\Capturas de tela\Capturas de tela - 2025-05-29 (4).png","Captura de tela 2025-05-29 153526.png","Capturas de tela - 2025-05-29 (4).png"
"C:\Users\mauri\OneDrive\Documentos\05 - Jurídico e trabalho\TSE\ONE DRIVE\Imagens\Capturas de tela\Captura de tela 2025-06-10 113953.png","C:\Users\mauri\OneDrive\Documentos\05 - Jurídico e trabalho\TSE\ONE DRIVE\Imagens\Capturas de tela\Capturas de tela - 2025-06-10.png","Captura de tela 2025-06-10 113953.png","Capturas de tela - 2025-06-10.png"
"C:\Users\mauri\OneDrive\Documentos\05 - Jurídico e trabalho\TSE\ONE DRIVE\Imagens\Capturas de tela\Captura de tela 2025-07-31 180207.png","C:\Users\mauri\OneDrive\Documentos\05 - Jurídico e trabalho\TSE\ONE DRIVE\Imagens\Capturas de tela\Capturas de tela - 2025-07-31 (1).png","Captura de tela 2025-07-31 180207.png","Capturas de tela - 2025-07-31 (1).png"
"C:\Users\mauri\OneDrive\Documentos\05 - Jurídico e trabalho\TSE\ONE DRIVE\Imagens\Capturas de tela\Captura de tela 2025-07-31 180435.png","C:\Users\mauri\OneDrive\Documentos\05 - Jurídico e trabalho\TSE\ONE DRIVE\Imagens\Capturas de tela\Capturas de tela - 2025-07-31 (2).png","Captura de tela 2025-07-31 180435.png","Capturas de tela - 2025-07-31 (2).png"
"C:\Users\mauri\OneDrive\Documentos\05 - Jurídico e trabalho\TSE\ONE DRIVE\Imagens\Capturas de tela\Captura de tela 2025-08-12 151029.png","C:\Users\mauri\OneDrive\Documentos\05 - Jurídico e trabalho\TSE\ONE DRIVE\Imagens\Capturas de tela\Capturas de tela - 2025-08-12 (1).png","Captura de tela 2025-08-12 151029.png","Capturas de tela - 2025-08-12 (1).png"
"C:\Users\mauri\OneDrive\Documentos\05 - Jurídico e trabalho\TSE\ONE DRIVE\Imagens\Capturas de tela\Captura de tela 2025-08-12 151042.png","C:\Users\mauri\OneDrive\Documentos\05 - Jurídico e trabalho\TSE\ONE DRIVE\Imagens\Capturas de tela\Capturas de tela - 2025-08-12 (2).png","Captura de tela 2025-08-12 151042.png","Capturas de tela - 2025-08-12 (2).png"
"C:\Users\mauri\OneDrive\Documentos\05 - Jurídico e trabalho\TSE\ONE DRIVE\Imagens\Capturas de tela\Captura de tela 2025-08-12 151156.png","C:\Users\mauri\OneDrive\Documentos\05 - Jurídico e trabalho\TSE\ONE DRIVE\Imagens\Capturas de tela\Capturas de tela - 2025-08-12 (3).png","Captura de tela 2025-08-12 151156.png","Capturas de tela - 2025-08-12 (3).png"
"C:\Users\mauri\OneDrive\Documentos\06 - Estudos, concursos e leitura\1_CONCURSOS\CD\NOMEAÇÃO\Foto de recepção.jpg","C:\Users\mauri\OneDrive\Documentos\06 - Estudos, concursos e leitura\1_CONCURSOS\CD\NOMEAÇÃO\NOMEAÇÃO - 2025-12-08.jpg","Foto de recepção.jpg","NOMEAÇÃO - 2025-12-08.jpg"
"C:\Users\mauri\OneDrive\Documentos\11 - Diversos (a revisar)\LIXO DA VIZINHANÇA\BACCO PIZZARIA\20210118_160045.jpg","C:\Users\mauri\OneDrive\Documentos\11 - Diversos (a revisar)\LIXO DA VIZINHANÇA\BACCO PIZZARIA\BACCO PIZZARIA - 2021-01-18 (1).jpg","20210118_160045.jpg","BACCO PIZZARIA - 2021-01-18 (1).jpg"
"C:\Users\mauri\OneDrive\Documentos\11 - Diversos (a revisar)\LIXO DA VIZINHANÇA\BACCO PIZZARIA\20210118_160316.jpg","C:\Users\mauri\OneDrive\Documentos\11 - Diversos (a revisar)\LIXO DA VIZINHANÇA\BACCO PIZZARIA\BACCO PIZZARIA - 2021-01-18 (2).jpg","20210118_160316.jpg","BACCO PIZZARIA - 2021-01-18 (2).jpg"
"C:\Users\mauri\OneDrive\Documentos\11 - Diversos (a revisar)\LIXO DA VIZINHANÇA\BACCO PIZZARIA\20210118_161105.jpg","C:\Users\mauri\OneDrive\Documentos\11 - Diversos (a revisar)\LIXO DA VIZINHANÇA\BACCO PIZZARIA\BACCO PIZZARIA - 2021-01-18 (3).jpg","20210118_161105.jpg","BACCO PIZZARIA - 2021-01-18 (3).jpg"
"C:\Users\mauri\OneDrive\Documentos\11 - Diversos (a revisar)\LIXO DA VIZINHANÇA\Marietta - 12.5.2021\Foto 1.jpg","C:\Users\mauri\OneDrive\Documentos\11 - Diversos (a revisar)\LIXO DA VIZINHANÇA\Marietta - 12.5.2021\Marietta - 12.5.2021 - 2021-05-12 (1).jpg","Foto 1.jpg","Marietta - 12.5.2021 - 2021-05-12 (1).jpg"
"C:\Users\mauri\OneDrive\Documentos\11 - Diversos (a revisar)\LIXO DA VIZINHANÇA\Marietta - 12.5.2021\Foto 2.jpg","C:\Users\mauri\OneDrive\Documentos\11 - Diversos (a revisar)\LIXO DA VIZINHANÇA\Marietta - 12.5.2021\Marietta - 12.5.2021 - 2021-05-12 (2).jpg","Foto 2.jpg","Marietta - 12.5.2021 - 2021-05-12 (2).jpg"
"C:\Users\mauri\OneDrive\Documentos\11 - Diversos (a revisar)\LIXO DA VIZINHANÇA\Marietta - 12.5.2021\Foto 3.jpg","C:\Users\mauri\OneDrive\Documentos\11 - Diversos (a revisar)\LIXO DA VIZINHANÇA\Marietta - 12.5.2021\Marietta - 12.5.2021 - 2021-05-12 (3).jpg","Foto 3.jpg","Marietta - 12.5.2021 - 2021-05-12 (3).jpg"
"C:\Users\mauri\OneDrive\Documentos\11 - Diversos (a revisar)\LIXO DA VIZINHANÇA\Marietta - 12.5.2021\Foto 4.jpg","C:\Users\mauri\OneDrive\Documentos\11 - Diversos (a revisar)\LIXO DA VIZINHANÇA\Marietta - 12.5.2021\Marietta - 12.5.2021 - 2021-05-12 (4).jpg","Foto 4.jpg","Marietta - 12.5.2021 - 2021-05-12 (4).jpg"
"C:\Users\mauri\OneDrive\Documentos\11 - Diversos (a revisar)\LIXO DA VIZINHANÇA\Marietta - 30.6.2022\Foto 1.jpg","C:\Users\mauri\OneDrive\Documentos\11 - Diversos (a revisar)\LIXO DA VIZINHANÇA\Marietta - 30.6.2022\Marietta - 30.6.2022 - 2022-06-30 (1).jpg","Foto 1.jpg","Marietta - 30.6.2022 - 2022-06-30 (1).jpg"
"C:\Users\mauri\OneDrive\Documentos\11 - Diversos (a revisar)\LIXO DA VIZINHANÇA\Marietta - 30.6.2022\Foto 2.jpg","C:\Users\mauri\OneDrive\Documentos\11 - Diversos (a revisar)\LIXO DA VIZINHANÇA\Marietta - 30.6.2022\Marietta - 30.6.2022 - 2022-06-30 (2).jpg","Foto 2.jpg","Marietta - 30.6.2022 - 2022-06-30 (2).jpg"
"C:\Users\mauri\OneDrive\Documentos\11 - Diversos (a revisar)\LIXO DA VIZINHANÇA\Marietta - 30.6.2022\Foto 3.jpg","C:\Users\mauri\OneDrive\Documentos\11 - Diversos (a revisar)\LIXO DA VIZINHANÇA\Marietta - 30.6.2022\Marietta - 30.6.2022 - 2022-06-30 (3).jpg","Foto 3.jpg","Marietta - 30.6.2022 - 2022-06-30 (3).jpg"
"C:\Users\mauri\OneDrive\Documentos\11 - Diversos (a revisar)\LIXO DA VIZINHANÇA\Marietta - 30.6.2022\Foto 4.jpg","C:\Users\mauri\OneDrive\Documentos\11 - Diversos (a revisar)\LIXO DA VIZINHANÇA\Marietta - 30.6.2022\Marietta - 30.6.2022 - 2022-06-30 (4).jpg","Foto 4.jpg","Marietta - 30.6.2022 - 2022-06-30 (4).jpg"
"C:\Users\mauri\OneDrive\Documentos\11 - Diversos (a revisar)\LIXO DA VIZINHANÇA\Marietta - 30.6.2022\Foto 5.jpg","C:\Users\mauri\OneDrive\Documentos\11 - Diversos (a revisar)\LIXO DA VIZINHANÇA\Marietta - 30.6.2022\Marietta - 30.6.2022 - 2022-06-30 (5).jpg","Foto 5.jpg","Marietta - 30.6.2022 - 2022-06-30 (5).jpg"
"C:\Users\mauri\OneDrive\Documentos\11 - Diversos (a revisar)\LIXO DA VIZINHANÇA\Marietta - 30.6.2022\Foto 6.jpg","C:\Users\mauri\OneDrive\Documentos\11 - Diversos (a revisar)\LIXO DA VIZINHANÇA\Marietta - 30.6.2022\Marietta - 30.6.2022 - 2022-06-30 (6).jpg","Foto 6.jpg","Marietta - 30.6.2022 - 2022-06-30 (6).jpg"
"C:\Users\mauri\OneDrive\Documentos\11 - Diversos (a revisar)\LIXO DA VIZINHANÇA\McDonald's - 1.4.2022\20220402_080723.jpg","C:\Users\mauri\OneDrive\Documentos\11 - Diversos (a revisar)\LIXO DA VIZINHANÇA\McDonald's - 1.4.2022\McDonald's - 1.4.2022 - 2022-04-02 (1).jpg","20220402_080723.jpg","McDonald's - 1.4.2022 - 2022-04-02 (1).jpg"
"C:\Users\mauri\OneDrive\Documentos\11 - Diversos (a revisar)\LIXO DA VIZINHANÇA\McDonald's - 1.4.2022\20220402_080742.jpg","C:\Users\mauri\OneDrive\Documentos\11 - Diversos (a revisar)\LIXO DA VIZINHANÇA\McDonald's - 1.4.2022\McDonald's - 1.4.2022 - 2022-04-02 (2).jpg","20220402_080742.jpg","McDonald's - 1.4.2022 - 2022-04-02 (2).jpg"
"C:\Users\mauri\OneDrive\Documentos\11 - Diversos (a revisar)\LIXO DA VIZINHANÇA\McDonald's - 1.4.2022\20220402_080819.jpg","C:\Users\mauri\OneDrive\Documentos\11 - Diversos (a revisar)\LIXO DA VIZINHANÇA\McDonald's - 1.4.2022\McDonald's - 1.4.2022 - 2022-04-02 (3).jpg","20220402_080819.jpg","McDonald's - 1.4.2022 - 2022-04-02 (3).jpg"
"C:\Users\mauri\OneDrive\Documentos\11 - Diversos (a revisar)\LIXO DA VIZINHANÇA\McDonald's - 1.4.2022\20220404_084301_optimized.jpg","C:\Users\mauri\OneDrive\Documentos\11 - Diversos (a revisar)\LIXO DA VIZINHANÇA\McDonald's - 1.4.2022\McDonald's - 1.4.2022 - 2022-04-04 (1).jpg","20220404_084301_optimized.jpg","McDonald's - 1.4.2022 - 2022-04-04 (1).jpg"
"C:\Users\mauri\OneDrive\Documentos\11 - Diversos (a revisar)\LIXO DA VIZINHANÇA\McDonald's - 1.4.2022\20220404_084305_optimized.jpg","C:\Users\mauri\OneDrive\Documentos\11 - Diversos (a revisar)\LIXO DA VIZINHANÇA\McDonald's - 1.4.2022\McDonald's - 1.4.2022 - 2022-04-04 (2).jpg","20220404_084305_optimized.jpg","McDonald's - 1.4.2022 - 2022-04-04 (2).jpg"
"C:\Users\mauri\OneDrive\Documentos\11 - Diversos (a revisar)\LIXO DA VIZINHANÇA\McDonald's - 1.4.2022\20220404_084309_optimized.jpg","C:\Users\mauri\OneDrive\Documentos\11 - Diversos (a revisar)\LIXO DA VIZINHANÇA\McDonald's - 1.4.2022\McDonald's - 1.4.2022 - 2022-04-04 (3).jpg","20220404_084309_optimized.jpg","McDonald's - 1.4.2022 - 2022-04-04 (3).jpg"
"C:\Users\mauri\OneDrive\Documentos\11 - Diversos (a revisar)\LIXO DA VIZINHANÇA\McDonald's - 1.4.2022\Foto 1.jpg","C:\Users\mauri\OneDrive\Documentos\11 - Diversos (a revisar)\LIXO DA VIZINHANÇA\McDonald's - 1.4.2022\McDonald's - 1.4.2022 - 2022-04-01 (1).jpg","Foto 1.jpg","McDonald's - 1.4.2022 - 2022-04-01 (1).jpg"
"C:\Users\mauri\OneDrive\Documentos\11 - Diversos (a revisar)\LIXO DA VIZINHANÇA\McDonald's - 1.4.2022\Foto 2.jpg","C:\Users\mauri\OneDrive\Documentos\11 - Diversos (a revisar)\LIXO DA VIZINHANÇA\McDonald's - 1.4.2022\McDonald's - 1.4.2022 - 2022-04-01 (2).jpg","Foto 2.jpg","McDonald's - 1.4.2022 - 2022-04-01 (2).jpg"
"C:\Users\mauri\OneDrive\Documentos\11 - Diversos (a revisar)\LIXO DA VIZINHANÇA\McDonald's - 1.4.2022\Foto 3.jpg","C:\Users\mauri\OneDrive\Documentos\11 - Diversos (a revisar)\LIXO DA VIZINHANÇA\McDonald's - 1.4.2022\McDonald's - 1.4.2022 - 2022-04-01 (3).jpg","Foto 3.jpg","McDonald's - 1.4.2022 - 2022-04-01 (3).jpg"
"C:\Users\mauri\OneDrive\Documentos\11 - Diversos (a revisar)\LIXO DA VIZINHANÇA\McDonald's - 25.1.2021\20210125_103245.jpg","C:\Users\mauri\OneDrive\Documentos\11 - Diversos (a revisar)\LIXO DA VIZINHANÇA\McDonald's - 25.1.2021\McDonald's - 25.1.2021 - 2021-01-25 (1).jpg","20210125_103245.jpg","McDonald's - 25.1.2021 - 2021-01-25 (1).jpg"
"C:\Users\mauri\OneDrive\Documentos\11 - Diversos (a revisar)\LIXO DA VIZINHANÇA\McDonald's - 25.1.2021\20210125_103249.jpg","C:\Users\mauri\OneDrive\Documentos\11 - Diversos (a revisar)\LIXO DA VIZINHANÇA\McDonald's - 25.1.2021\McDonald's - 25.1.2021 - 2021-01-25 (2).jpg","20210125_103249.jpg","McDonald's - 25.1.2021 - 2021-01-25 (2).jpg"
"C:\Users\mauri\OneDrive\Documentos\11 - Diversos (a revisar)\LIXO DA VIZINHANÇA\McDonald's - 25.1.2021\20210125_103301.jpg","C:\Users\mauri\OneDrive\Documentos\11 - Diversos (a revisar)\LIXO DA VIZINHANÇA\McDonald's - 25.1.2021\McDonald's - 25.1.2021 - 2021-01-25 (3).jpg","20210125_103301.jpg","McDonald's - 25.1.2021 - 2021-01-25 (3).jpg"
"C:\Users\mauri\OneDrive\Documentos\11 - Diversos (a revisar)\LIXO DA VIZINHANÇA\McDonald's 18.1.2023\20230117_213204.jpg","C:\Users\mauri\OneDrive\Documentos\11 - Diversos (a revisar)\LIXO DA VIZINHANÇA\McDonald's 18.1.2023\McDonald's 18.1.2023 - 2023-01-17 (1).jpg","20230117_213204.jpg","McDonald's 18.1.2023 - 2023-01-17 (1).jpg"
"C:\Users\mauri\OneDrive\Documentos\11 - Diversos (a revisar)\LIXO DA VIZINHANÇA\McDonald's 18.1.2023\20230117_213212.jpg","C:\Users\mauri\OneDrive\Documentos\11 - Diversos (a revisar)\LIXO DA VIZINHANÇA\McDonald's 18.1.2023\McDonald's 18.1.2023 - 2023-01-17 (2).jpg","20230117_213212.jpg","McDonald's 18.1.2023 - 2023-01-17 (2).jpg"
"C:\Users\mauri\OneDrive\Documentos\11 - Diversos (a revisar)\LIXO DA VIZINHANÇA\McDonald's 18.1.2023\20230117_213236.jpg","C:\Users\mauri\OneDrive\Documentos\11 - Diversos (a revisar)\LIXO DA VIZINHANÇA\McDonald's 18.1.2023\McDonald's 18.1.2023 - 2023-01-17 (3).jpg","20230117_213236.jpg","McDonald's 18.1.2023 - 2023-01-17 (3).jpg"
"C:\Users\mauri\OneDrive\Documentos\11 - Diversos (a revisar)\LIXO DA VIZINHANÇA\McDonald's 18.1.2023\20230117_213302.jpg","C:\Users\mauri\OneDrive\Documentos\11 - Diversos (a revisar)\LIXO DA VIZINHANÇA\McDonald's 18.1.2023\McDonald's 18.1.2023 - 2023-01-17 (4).jpg","20230117_213302.jpg","McDonald's 18.1.2023 - 2023-01-17 (4).jpg"
"C:\Users\mauri\OneDrive\Documentos\11 - Diversos (a revisar)\LIXO DA VIZINHANÇA\McDonald's 29.12.2022\20221229_091019.jpg","C:\Users\mauri\OneDrive\Documentos\11 - Diversos (a revisar)\LIXO DA VIZINHANÇA\McDonald's 29.12.2022\McDonald's 29.12.2022 - 2022-12-29.jpg","20221229_091019.jpg","McDonald's 29.12.2022 - 2022-12-29.jpg"
