request_key,error_kind,error,rows,row_numbers
514a36e571fa3dc6bccb0b0114f014cf34004f2a,other,openai_disabled,1,1915
a55d0dc4e2aa9df9011055bdf3e4f6e8b610543b,other,openai_disabled,1,3882
335cff6d4dc32cd618a0182e1a5f114edc07a30c,other,openai_disabled,1,4963
1e6a14a8baf19f8253641819a0ec1b5135850566,other,openai_disabled,1,4977
a02b22e5a9456b852087118302837887eac50da9,other,openai_disabled,1,6601
11f8a975cac4f959aca7a4fd013279358f389db3,other,openai_disabled,1,6766
164da159c9057e2808572ba2f6e5d94687af3ecb,other,openai_disabled,1,6964
577657ce5a42484cffb5ccdf5c595b7ef5e7e9a4,other,openai_disabled,1,7005
37edc615b101eedbafaf3be1cf3e97b0a73ab94a,other,openai_disabled,1,7101
35a594409824d29b8d40312ca6b6a349626ccc5d,other,openai_disabled,1,7610
