id|subpasta
1|Concursos
2|Análise de sessões e vídeos do TSE
3|Análise de sessões e vídeos do TSE
4|Catalogação e pesquisa jurídica
5|Análise de sessões e vídeos do TSE
6|Catalogação e pesquisa jurídica
7|Catalogação e pesquisa jurídica
8|Catalogação e pesquisa jurídica
9|Catalogação e pesquisa jurídica
10|Peças e trabalho da CONLE
11|Concursos
12|Concursos
13|Peças e trabalho da CONLE
14|Ferramentas e Notion
15|Ferramentas e Notion
16|Concursos
17|Peças e trabalho da CONLE
18|Peças e trabalho da CONLE
19|Peças e trabalho da CONLE
20|Análise de sessões e vídeos do TSE
21|Análise de sessões e vídeos do TSE
22|Concursos
23|Concursos
24|Peças e trabalho da CONLE
25|Ferramentas e Notion
26|Ferramentas e Notion
27|Concursos
28|Peças e trabalho da CONLE
29|Catalogação e pesquisa jurídica
30|Análise de sessões e vídeos do TSE
31|Peças e trabalho da CONLE
32|Peças e trabalho da CONLE
33|Peças e trabalho da CONLE
34|Peças e trabalho da CONLE
35|Peças e trabalho da CONLE
36|Peças e trabalho da CONLE
37|Peças e trabalho da CONLE
38|Peças e trabalho da CONLE
39|Peças e trabalho da CONLE
40|Peças e trabalho da CONLE
41|Peças e trabalho da CONLE
42|Catalogação e pesquisa jurídica
43|Catalogação e pesquisa jurídica
44|Peças e trabalho da CONLE
45|Peças e trabalho da CONLE
46|Peças e trabalho da CONLE
47|Peças e trabalho da CONLE
48|Peças e trabalho da CONLE
49|Peças e trabalho da CONLE
50|Peças e trabalho da CONLE
51|Peças e trabalho da CONLE
52|Peças e trabalho da CONLE
53|Peças e trabalho da CONLE
54|Peças e trabalho da CONLE
55|Peças e trabalho da CONLE
56|Peças e trabalho da CONLE
57|Peças e trabalho da CONLE
58|Peças e trabalho da CONLE
59|Peças e trabalho da CONLE
60|Peças e trabalho da CONLE
61|Peças e trabalho da CONLE
62|Peças e trabalho da CONLE
63|Concursos
64|Concursos
65|Concursos
66|Concursos
67|Concursos
68|Análise de sessões e vídeos do TSE
69|Ferramentas e Notion
70|Peças e trabalho da CONLE
71|Concursos
72|Concursos
73|Concursos
74|Concursos
75|Catalogação e pesquisa jurídica
76|Catalogação e pesquisa jurídica
77|Concursos
78|Concursos
79|Análise de sessões e vídeos do TSE
